Date;Adj Close;Close;High;Low;Open;Volume
17.03.1980;2.296797752;3.291227102;3.344743013;3.291227102;0;41109
18.03.1980;2.306133986;3.304605961;3.35812211;3.304605961;0;9343
19.03.1980;2.306133986;3.304605961;3.304605961;3.304605961;3.304605961;0
20.03.1980;2.306133986;3.304605961;3.35812211;3.304605961;0;10277
21.03.1980;2.362153769;3.384880066;3.438395977;3.384880066;0;8409
24.03.1980;2.371489763;3.398258924;3.451775074;3.398258924;0;2803
25.03.1980;2.352816343;3.371500969;3.425017118;3.371500969;0;27095
26.03.1980;2.352816343;3.371500969;3.425017118;3.371500969;0;1869
27.03.1980;2.32480669;3.331363916;3.384880066;3.331363916;0;14015
28.03.1980;2.315470457;3.317985058;3.371500969;3.317985058;0;36438
31.03.1980;2.315470457;3.317985058;3.371500969;3.317985058;0;1869
01.04.1980;2.278123856;3.264468908;3.317985058;3.264468908;0;2803
02.04.1980;2.259451628;3.237710953;3.291227102;3.237710953;0;6540
03.04.1980;2.259451628;3.237710953;3.237710953;3.237710953;3.237710953;0
07.04.1980;2.259451628;3.237710953;3.291227102;3.237710953;0;934
08.04.1980;2.259451628;3.237710953;3.291227102;3.237710953;0;44846
09.04.1980;2.334143877;3.344743013;3.398258924;3.344743013;0;42044
10.04.1980;2.362153769;3.384880066;3.438395977;3.384880066;0;35503
11.04.1980;2.352816343;3.371500969;3.425017118;3.371500969;0;59795
14.04.1980;2.352816343;3.371500969;3.371500969;3.371500969;3.371500969;0
15.04.1980;2.427510023;3.47853303;3.532048941;3.47853303;0;1869
16.04.1980;2.427510023;3.47853303;3.532048941;3.47853303;0;61664
17.04.1980;2.427510023;3.47853303;3.47853303;3.47853303;3.47853303;0
18.04.1980;2.390162706;3.425017118;3.47853303;3.425017118;0;1869
21.04.1980;2.390162706;3.425017118;3.47853303;3.425017118;0;5606
22.04.1980;2.390162706;3.425017118;3.425017118;3.425017118;3.425017118;0
23.04.1980;2.436846018;3.491911888;3.545428038;3.491911888;0;24292
24.04.1980;2.455519438;3.518670082;3.572185993;3.518670082;0;934
25.04.1980;2.474192381;3.545428038;3.598943949;3.545428038;0;9343
28.04.1980;2.502202272;3.58556509;3.639081001;3.58556509;0;2803
29.04.1980;2.539548874;3.639081001;3.692596912;3.639081001;0;74744
30.04.1980;2.548885345;3.652460098;3.705975056;3.652460098;0;3737
01.05.1980;2.558222532;3.665838957;3.719353914;3.665838957;0;934
02.05.1980;2.558222532;3.665838957;3.665838957;3.665838957;3.665838957;0
05.05.1980;2.576895475;3.692596912;3.746112108;3.692596912;0;14015
06.05.1980;2.632913351;3.772870064;3.826385975;3.772870064;0;5606
07.05.1980;2.632913351;3.772870064;3.772870064;3.772870064;3.772870064;0
08.05.1980;2.642250299;3.786248922;3.839765072;3.786248922;0;7474
09.05.1980;2.651587486;3.799628019;3.85314393;3.799628019;0;15883
12.05.1980;2.707607031;3.879901886;3.933418036;3.879901886;0;41109
13.05.1980;2.707607031;3.879901886;3.933418036;3.879901886;0;1869
14.05.1980;2.707607031;3.879901886;3.933418036;3.879901886;0;7474
15.05.1980;2.707607031;3.879901886;3.879901886;3.879901886;3.879901886;0
16.05.1980;2.642250299;3.786248922;3.839765072;3.786248922;0;55124
19.05.1980;2.670259953;3.826385975;3.879901886;3.826385975;0;29898
20.05.1980;2.726279736;3.90666008;3.960175991;3.90666008;0;934
21.05.1980;2.744953394;3.933418036;3.986933947;3.933418036;0;5606
22.05.1980;2.744953394;3.933418036;3.986933947;3.933418036;0;3737
23.05.1980;2.772963047;3.973555088;4.027070999;3.973555088;0;13080
27.05.1980;2.800973415;4.013691902;4.067207813;4.013691902;0;5606
28.05.1980;2.763626575;3.960175991;4.013691902;3.960175991;0;4672
29.05.1980;2.763626575;3.960175991;3.960175991;3.960175991;3.960175991;0
30.05.1980;2.754289627;3.946796894;4.000312805;3.946796894;0;6540
02.06.1980;2.763626575;3.960175991;4.013691902;3.960175991;0;934
03.06.1980;2.763626575;3.960175991;4.013691902;3.960175991;0;18686
04.06.1980;2.772963047;3.973555088;4.027070999;3.973555088;0;8409
05.06.1980;2.772963047;3.973555088;3.973555088;3.973555088;3.973555088;0
06.06.1980;2.791636705;4.000312805;4.053829193;4.000312805;0;2803
09.06.1980;2.819646597;4.040450096;4.093966007;4.040450096;0;8409
10.06.1980;2.828983068;4.053829193;4.107345104;4.053829193;0;2803
11.06.1980;2.828983068;4.053829193;4.053829193;4.053829193;4.053829193;0
12.06.1980;2.828983068;4.053829193;4.053829193;4.053829193;4.053829193;0
13.06.1980;2.828983068;4.053829193;4.053829193;4.053829193;4.053829193;0
16.06.1980;2.838319063;4.067207813;4.120724201;4.067207813;0;7474
17.06.1980;2.819646597;4.040450096;4.093966007;4.040450096;0;934
18.06.1980;2.819646597;4.040450096;4.040450096;4.040450096;4.040450096;0
19.06.1980;2.819646597;4.040450096;4.093966007;4.040450096;0;1869
20.06.1980;2.819646597;4.040450096;4.093966007;4.040450096;0;1869
23.06.1980;2.819646597;4.040450096;4.040450096;4.040450096;4.040450096;0
24.06.1980;2.632913351;3.772870064;3.826385975;3.772870064;0;1869
25.06.1980;2.632913351;3.772870064;3.772870064;3.772870064;3.772870064;0
26.06.1980;2.705738544;3.877226114;3.933418036;3.877226114;0;890
27.06.1980;2.705738544;3.877226114;3.877226114;3.877226114;3.877226114;0
30.06.1980;2.617509604;3.750794888;3.806987047;3.750794888;0;8008
01.07.1980;2.588098526;3.708651066;3.764842987;3.708651066;0;890
02.07.1980;2.588098526;3.708651066;3.764842987;3.708651066;0;3559
03.07.1980;2.578295469;3.694602966;3.750794888;3.694602966;0;3559
07.07.1980;2.558688641;3.666507959;3.694602966;3.666507959;0;890
08.07.1980;2.548885345;3.652460098;3.694602966;3.652460098;0;9788
09.07.1980;2.558688641;3.666507959;3.694602966;3.666507959;0;53389
10.07.1980;2.744953394;3.933418036;3.975562096;3.933418036;0;5339
11.07.1980;2.744953394;3.933418036;3.933418036;3.933418036;3.933418036;0
14.07.1980;2.656723261;3.806987047;3.849129915;3.806987047;0;7118
15.07.1980;2.637116671;3.778891087;3.806987047;3.778891087;0;1780
16.07.1980;2.637116671;3.778891087;3.778891087;3.778891087;3.778891087;0
17.07.1980;2.656723261;3.806987047;3.835083008;3.806987047;0;4449
18.07.1980;2.637116671;3.778891087;3.806987047;3.778891087;0;890
21.07.1980;2.627312899;3.764842987;3.792938948;3.764842987;0;2669
22.07.1980;2.627312899;3.764842987;3.764842987;3.764842987;3.764842987;0
23.07.1980;2.59790206;3.722698927;3.764842987;3.722698927;0;890
24.07.1980;2.59790206;3.722698927;3.722698927;3.722698927;3.722698927;0
25.07.1980;2.588098526;3.708651066;3.736747026;3.708651066;0;890
28.07.1980;2.568491459;3.680555105;3.722698927;3.680555105;0;3559
29.07.1980;2.568491459;3.680555105;3.680555105;3.680555105;3.680555105;0
30.07.1980;2.568491459;3.680555105;3.722698927;3.680555105;0;890
31.07.1980;2.568491459;3.680555105;3.680555105;3.680555105;3.680555105;0
01.08.1980;2.588098526;3.708651066;3.736747026;3.708651066;0;890
04.08.1980;2.607705116;3.736747026;3.764842987;3.736747026;0;2669
05.08.1980;2.588098526;3.708651066;3.750794888;3.708651066;0;1780
06.08.1980;2.588098526;3.708651066;3.708651066;3.708651066;3.708651066;0
07.08.1980;2.588098526;3.708651066;3.708651066;3.708651066;3.708651066;0
08.08.1980;2.588098526;3.708651066;3.708651066;3.708651066;3.708651066;0
11.08.1980;2.578295469;3.694602966;3.722698927;3.694602966;0;7118
12.08.1980;2.617509604;3.750794888;3.792938948;3.750794888;0;38262
13.08.1980;2.627312899;3.764842987;3.806987047;3.764842987;0;11568
14.08.1980;2.646919727;3.792938948;3.835083008;3.792938948;0;3559
15.08.1980;2.646919727;3.792938948;3.792938948;3.792938948;3.792938948;0
18.08.1980;2.705738544;3.877226114;3.891273975;3.877226114;0;1780
19.08.1980;2.705738544;3.877226114;3.905322075;3.877226114;0;1780
20.08.1980;2.715542793;3.891273975;3.933418036;3.891273975;0;8008
21.08.1980;2.715542793;3.891273975;3.933418036;3.891273975;0;10678
22.08.1980;2.715542793;3.891273975;3.891273975;3.891273975;3.891273975;0
25.08.1980;2.735150099;3.919369936;3.961513996;3.919369936;0;1780
26.08.1980;2.793970823;4.003657818;4.045801163;4.003657818;0;3559
27.08.1980;2.774363279;3.975562096;4.003657818;3.975562096;0;19576
28.08.1980;2.774363279;3.975562096;4.017705917;3.975562096;0;890
29.08.1980;2.774363279;3.975562096;3.975562096;3.975562096;3.975562096;0
02.09.1980;2.784166813;3.989609957;4.031753063;3.989609957;0;7118
03.09.1980;2.784166813;3.989609957;3.989609957;3.989609957;3.989609957;0
04.09.1980;2.784166813;3.989609957;4.017705917;3.989609957;0;11568
05.09.1980;2.764559984;3.961513996;4.003657818;3.961513996;0;3559
08.09.1980;2.764559984;3.961513996;3.961513996;3.961513996;3.961513996;0
09.09.1980;2.774363279;3.975562096;4.031753063;3.975562096;0;4449
10.09.1980;2.784166813;3.989609957;4.003657818;3.989609957;0;1780
11.09.1980;2.803773642;4.017705917;4.045801163;4.017705917;0;8008
12.09.1980;2.823380709;4.045801163;4.059848785;4.045801163;0;12457
15.09.1980;2.921414852;4.186281204;4.214375973;4.186281204;0;6229
16.09.1980;2.921414852;4.186281204;4.228424072;4.186281204;0;5339
17.09.1980;2.921414852;4.186281204;4.214375973;4.186281204;0;1780
18.09.1980;2.901808023;4.158185005;4.172233105;4.158185005;0;1780
19.09.1980;2.852791309;4.087944984;4.116041183;4.087944984;0;1780
22.09.1980;2.774363279;3.975562096;4.003657818;3.975562096;0;3559
23.09.1980;2.735150099;3.919369936;3.947465897;3.919369936;0;9788
24.09.1980;2.735150099;3.919369936;3.947465897;3.919369936;0;890
25.09.1980;2.754755974;3.947465897;3.961513996;3.947465897;0;5339
26.09.1980;2.754755974;3.947465897;3.947465897;3.947465897;3.947465897;0
29.09.1980;2.754755974;3.947465897;3.947465897;3.947465897;3.947465897;0
30.09.1980;2.784166813;3.989609957;4.003657818;3.989609957;0;7118
01.10.1980;2.823380709;4.045801163;4.045801163;4.045801163;0;28474
02.10.1980;2.852791309;4.087944984;4.130088806;4.087944984;0;23135
03.10.1980;2.970431328;4.256519794;4.284615993;4.256519794;0;55168
06.10.1980;3.09787631;4.439143181;4.467238903;4.439143181;0;10678
07.10.1980;3.068466187;4.396998882;4.425095081;4.396998882;0;6229
08.10.1980;3.068466187;4.396998882;4.425095081;4.396998882;0;12457
09.10.1980;3.058662891;4.382952213;4.411046982;4.382952213;0;8898
10.10.1980;3.068466187;4.396998882;4.411046982;4.396998882;0;8008
13.10.1980;3.205713034;4.593669891;4.607717991;4.593669891;0;41821
14.10.1980;3.274337053;4.692006111;4.720101833;4.692006111;0;26694
15.10.1980;3.29394412;4.720101833;4.762245178;4.720101833;0;31143
16.10.1980;3.313549519;4.748197079;4.776292801;4.748197079;0;890
17.10.1980;3.29394412;4.720101833;4.748197079;4.720101833;0;3559
20.10.1980;3.215516567;4.607717991;4.63581419;4.607717991;0;1780
21.10.1980;3.195910215;4.579621792;4.607717991;4.579621792;0;8898
22.10.1980;3.215516567;4.607717991;4.63581419;4.607717991;0;4449
23.10.1980;3.16650033;4.537478924;4.565574169;4.537478924;0;4449
24.10.1980;3.16650033;4.537478924;4.537478924;4.537478924;4.537478924;0
27.10.1980;3.107677698;4.453190804;4.467238903;4.453190804;0;890
28.10.1980;3.088071585;4.425095081;4.439143181;4.425095081;0;7118
29.10.1980;3.088071585;4.425095081;4.425095081;4.425095081;4.425095081;0
30.10.1980;3.107677698;4.453190804;4.481287003;4.453190804;0;2669
31.10.1980;3.107677698;4.453190804;4.467238903;4.453190804;0;4449
03.11.1980;3.09787631;4.439143181;4.467238903;4.439143181;0;4449
05.11.1980;2.901808023;4.158185005;4.186281204;4.158185005;0;4449
06.11.1980;2.901808023;4.158185005;4.158185005;4.158185005;4.158185005;0
07.11.1980;2.862594128;4.101993084;4.130088806;4.101993084;0;14237
10.11.1980;2.931218386;4.200328827;4.214375973;4.200328827;0;73854
11.11.1980;2.911610842;4.172233105;4.186281204;4.172233105;0;6229
12.11.1980;2.833183527;4.059848785;4.087944984;4.059848785;0;3559
13.11.1980;2.823380709;4.045801163;4.101993084;4.045801163;0;2669
14.11.1980;2.803773642;4.017705917;4.031753063;4.017705917;0;28474
17.11.1980;2.784166813;3.989609957;4.017705917;3.989609957;0;1780
18.11.1980;2.725345612;3.905322075;3.933418036;3.905322075;0;1780
19.11.1980;2.735150099;3.919369936;3.961513996;3.919369936;0;5339
20.11.1980;2.764559984;3.961513996;3.989609957;3.961513996;0;5339
21.11.1980;2.744953394;3.933418036;3.961513996;3.933418036;0;890
24.11.1980;2.735150099;3.919369936;3.961513996;3.919369936;0;1780
25.11.1980;2.735150099;3.919369936;3.961513996;3.919369936;0;1780
26.11.1980;2.735150099;3.919369936;3.919369936;3.919369936;3.919369936;0
28.11.1980;2.725345612;3.905322075;3.947465897;3.905322075;0;8898
01.12.1980;2.705738544;3.877226114;3.905322075;3.877226114;0;48050
02.12.1980;2.715542793;3.891273975;3.933418036;3.891273975;0;46270
03.12.1980;2.715542793;3.891273975;3.919369936;3.891273975;0;890
04.12.1980;2.754755974;3.947465897;3.975562096;3.947465897;0;6229
05.12.1980;2.744953394;3.933418036;3.961513996;3.933418036;0;20466
08.12.1980;2.803773642;4.017705917;4.031753063;4.017705917;0;38262
09.12.1980;2.764559984;3.961513996;3.989609957;3.961513996;0;2669
10.12.1980;2.774363279;3.975562096;3.989609957;3.975562096;0;6229
11.12.1980;2.754755974;3.947465897;3.989609957;3.947465897;0;1780
12.12.1980;2.754755974;3.947465897;3.947465897;3.947465897;3.947465897;0
15.12.1980;2.784166813;3.989609957;4.017705917;3.989609957;0;1780
16.12.1980;2.764559984;3.961513996;3.989609957;3.961513996;0;5339
17.12.1980;2.764559984;3.961513996;3.961513996;3.961513996;3.961513996;0
18.12.1980;2.754755974;3.947465897;3.975562096;3.947465897;0;7118
19.12.1980;2.744953394;3.933418036;3.947465897;3.933418036;0;6229
22.12.1980;2.744953394;3.933418036;3.933418036;3.933418036;3.933418036;0
23.12.1980;2.744953394;3.933418036;3.961513996;3.933418036;0;7118
24.12.1980;2.784166813;3.989609957;4.003657818;3.989609957;0;4449
26.12.1980;2.784166813;3.989609957;4.031753063;3.989609957;0;3559
29.12.1980;2.813575745;4.031753063;4.045801163;4.031753063;0;8898
30.12.1980;2.813575745;4.031753063;4.031753063;4.031753063;4.031753063;0
31.12.1980;2.862594128;4.101993084;4.130088806;4.101993084;0;3559
02.01.1981;2.862594128;4.101993084;4.101993084;4.101993084;4.101993084;0
05.01.1981;2.901808023;4.158185005;4.186281204;4.158185005;0;7118
06.01.1981;2.921414852;4.186281204;4.200328827;4.186281204;0;12457
07.01.1981;2.892004967;4.144136906;4.186281204;4.144136906;0;1780
08.01.1981;2.901808023;4.158185005;4.186281204;4.158185005;0;4449
09.01.1981;2.892004967;4.144136906;4.172233105;4.144136906;0;1780
12.01.1981;2.882200956;4.130088806;4.158185005;4.130088806;0;1780
13.01.1981;2.842987061;4.073896885;4.116041183;4.073896885;0;1780
14.01.1981;2.862594128;4.101993084;4.116041183;4.101993084;0;21355
15.01.1981;2.862594128;4.101993084;4.130088806;4.101993084;0;8898
16.01.1981;2.862594128;4.101993084;4.130088806;4.101993084;0;4449
19.01.1981;2.862594128;4.101993084;4.144136906;4.101993084;0;1780
20.01.1981;2.872397661;4.116041183;4.144136906;4.116041183;0;6229
21.01.1981;2.911610842;4.172233105;4.200328827;4.172233105;0;4449
22.01.1981;2.911610842;4.172233105;4.186281204;4.172233105;0;8008
23.01.1981;2.882200956;4.130088806;4.158185005;4.130088806;0;1780
26.01.1981;2.862594128;4.101993084;4.130088806;4.101993084;0;3559
27.01.1981;2.862594128;4.101993084;4.101993084;4.101993084;4.101993084;0
28.01.1981;2.862594128;4.101993084;4.101993084;4.101993084;4.101993084;0
29.01.1981;2.852791309;4.087944984;4.130088806;4.087944984;0;890
30.01.1981;2.901808023;4.158185005;4.186281204;4.158185005;0;8898
02.02.1981;2.931218386;4.200328827;4.242472172;4.200328827;0;9788
03.02.1981;2.931218386;4.200328827;4.200328827;4.200328827;4.200328827;0
04.02.1981;2.931218386;4.200328827;4.200328827;4.200328827;4.200328827;0
05.02.1981;2.901808023;4.158185005;4.172233105;4.158185005;0;16017
06.02.1981;2.901808023;4.158185005;4.158185005;4.158185005;4.158185005;0
09.02.1981;2.872397661;4.116041183;4.144136906;4.116041183;0;890
10.02.1981;2.872397661;4.116041183;4.144136906;4.116041183;0;2669
11.02.1981;2.862594128;4.101993084;4.130088806;4.101993084;0;10678
12.02.1981;2.882200956;4.130088806;4.158185005;4.130088806;0;3559
13.02.1981;2.882200956;4.130088806;4.130088806;4.130088806;4.130088806;0
17.02.1981;2.803773642;4.017705917;4.045801163;4.017705917;0;1780
18.02.1981;2.793970823;4.003657818;4.031753063;4.003657818;0;1780
19.02.1981;2.754755974;3.947465897;3.975562096;3.947465897;0;8008
20.02.1981;2.735150099;3.919369936;3.961513996;3.919369936;0;16906
23.02.1981;2.705738544;3.877226114;3.919369936;3.877226114;0;1780
24.02.1981;2.705738544;3.877226114;3.877226114;3.877226114;3.877226114;0
25.02.1981;2.705738544;3.877226114;3.905322075;3.877226114;0;1780
26.02.1981;2.735150099;3.919369936;3.947465897;3.919369936;0;3559
27.02.1981;2.715542793;3.891273975;3.919369936;3.891273975;0;1780
02.03.1981;2.715542793;3.891273975;3.919369936;3.891273975;0;7118
03.03.1981;2.715542793;3.891273975;3.891273975;3.891273975;3.891273975;0
04.03.1981;2.852791309;4.087944984;4.130088806;4.087944984;0;49829
05.03.1981;2.872397661;4.116041183;4.144136906;4.116041183;0;18686
06.03.1981;3.019448757;4.326759815;4.354856014;4.326759815;0;8008
09.03.1981;2.960628748;4.242472172;4.284615993;4.242472172;0;890
10.03.1981;2.960628748;4.242472172;4.270567894;4.242472172;0;3559
11.03.1981;2.931218386;4.200328827;4.228424072;4.200328827;0;10678
12.03.1981;2.931218386;4.200328827;4.228424072;4.200328827;0;26694
13.03.1981;2.931218386;4.200328827;4.242472172;4.200328827;0;13347
16.03.1981;3.11748147;4.467238903;4.481287003;4.467238903;0;14237
17.03.1981;3.088071585;4.425095081;4.453190804;4.425095081;0;3559
18.03.1981;3.09787631;4.439143181;4.481287003;4.439143181;0;5339
19.03.1981;3.09787631;4.439143181;4.439143181;4.439143181;4.439143181;0
20.03.1981;3.11748147;4.467238903;4.495335102;4.467238903;0;14237
23.03.1981;3.215516567;4.607717991;4.62176609;4.607717991;0;8008
24.03.1981;3.25473094;4.663909912;4.692006111;4.663909912;0;41821
25.03.1981;3.25473094;4.663909912;4.677958012;4.663909912;0;16017
26.03.1981;3.09787631;4.439143181;4.481287003;4.439143181;0;6229
27.03.1981;3.058662891;4.382952213;4.425095081;4.382952213;0;1780
30.03.1981;3.058662891;4.382952213;4.425095081;4.382952213;0;2669
31.03.1981;3.048859596;4.368904114;4.411046982;4.368904114;0;1780
01.04.1981;3.137089491;4.495335102;4.509383202;4.495335102;0;34703
02.04.1981;3.195910215;4.579621792;4.607717991;4.579621792;0;30254
03.04.1981;3.16650033;4.537478924;4.579621792;4.537478924;0;6229
06.04.1981;3.156696558;4.523430824;4.551527023;4.523430824;0;11568
07.04.1981;3.195910215;4.579621792;4.607717991;4.579621792;0;9788
08.04.1981;3.519421816;5.043203831;5.07130003;5.043203831;0;30254
09.04.1981;3.44099474;4.930819988;4.97296381;4.930819988;0;12457
10.04.1981;3.342960358;4.7903409;4.818437099;4.7903409;0;17796
13.04.1981;3.548832655;5.085348129;5.113442898;5.085348129;0;14237
14.04.1981;3.588046074;5.141539097;5.169634819;5.141539097;0;19576
15.04.1981;3.470405102;4.97296381;5.001060009;4.97296381;0;890
16.04.1981;3.548832655;5.085348129;5.113442898;5.085348129;0;1780
20.04.1981;3.519421816;5.043203831;5.085348129;5.043203831;0;2669
21.04.1981;3.617456198;5.183682919;5.225827217;5.183682919;0;16017
22.04.1981;3.999789476;5.731552124;5.745600224;5.731552124;0;27584
23.04.1981;3.842934608;5.506784916;5.548929214;5.506784916;0;6229
24.04.1981;3.803720713;5.450593948;5.478689194;5.450593948;0;15127
27.04.1981;3.725293159;5.338210106;5.352258205;5.338210106;0;13347
28.04.1981;3.833131313;5.492736816;5.506784916;5.492736816;0;3559
29.04.1981;3.823328495;5.478689194;5.506784916;5.478689194;0;8898
30.04.1981;3.921361446;5.619169235;5.661312103;5.619169235;0;20466
01.05.1981;4.156644344;5.956318855;5.984415054;5.956318855;0;2669
04.05.1981;3.921361446;5.619169235;5.661312103;5.619169235;0;22245
05.05.1981;3.882148266;5.562976837;5.605121136;5.562976837;0;14237
06.05.1981;3.764506102;5.394402027;5.422498226;5.394402027;0;8008
07.05.1981;3.578243494;5.127490997;5.155587196;5.127490997;0;7118
08.05.1981;3.676277637;5.267971039;5.296065807;5.267971039;0;3559
11.05.1981;3.597848654;5.155587196;5.183682919;5.155587196;0;7118
12.05.1981;3.490010977;5.001060009;5.029156208;5.001060009;0;890
13.05.1981;3.646867275;5.225827217;5.253922939;5.225827217;0;42711
14.05.1981;3.490010977;5.001060009;5.029156208;5.001060009;0;31143
15.05.1981;3.411585808;4.88867712;4.930819988;4.88867712;0;2669
18.05.1981;3.352764368;4.804389;4.818437099;4.804389;0;4449
19.05.1981;3.264533997;4.677958012;4.706054211;4.677958012;0;890
20.05.1981;3.411585808;4.88867712;4.916772842;4.88867712;0;5339
21.05.1981;3.382175922;4.846532822;4.88867712;4.846532822;0;4449
22.05.1981;3.3037467;4.734149933;4.776292801;4.734149933;0;1780
26.05.1981;3.793917656;5.436545849;5.478689194;5.436545849;0;8898
27.05.1981;3.764506102;5.394402027;5.436545849;5.394402027;0;3559
28.05.1981;3.705686569;5.310113907;5.338210106;5.310113907;0;890
29.05.1981;3.705686569;5.310113907;5.352258205;5.310113907;0;4449
01.06.1981;3.950771332;5.661312103;5.703455925;5.661312103;0;26694
02.06.1981;3.85273838;5.520833015;5.562976837;5.520833015;0;890
03.06.1981;3.8135252;5.464641094;5.506784916;5.464641094;0;890
04.06.1981;3.784113407;5.422498226;5.464641094;5.422498226;0;1780
05.06.1981;3.735097408;5.352258205;5.380353928;5.352258205;0;890
08.06.1981;3.735097408;5.352258205;5.352258205;5.352258205;5.352258205;0
09.06.1981;3.735097408;5.352258205;5.352258205;5.352258205;5.352258205;0
10.06.1981;4.127232552;5.914175034;5.942271233;5.914175034;0;22245
11.06.1981;4.137038231;5.928223133;5.942271233;5.928223133;0;13347
12.06.1981;4.489958763;6.43394804;6.462043762;6.43394804;0;43601
15.06.1981;4.989933491;7.150392056;7.178487778;7.150392056;0;145039
16.06.1981;4.803669453;6.883481979;6.925624847;6.883481979;0;9788
17.06.1981;4.803669453;6.883481979;6.897529125;6.883481979;0;32033
18.06.1981;4.695829391;6.728953838;6.757050037;6.728953838;0;32923
19.06.1981;4.68602705;6.714906216;6.743001938;6.714906216;0;64956
22.06.1981;4.627208233;6.630619049;6.658714771;6.630619049;0;2669
23.06.1981;4.764454842;6.827290058;6.841338158;6.827290058;0;11568
24.06.1981;4.59779644;6.588475227;6.630619049;6.588475227;0;30254
25.06.1981;4.656616688;6.672762871;6.70085907;6.672762871;0;5339
26.06.1981;4.852684975;6.953721046;6.981816769;6.953721046;0;24915
29.06.1981;4.803669453;6.883481979;6.925624847;6.883481979;0;6229
30.06.1981;4.764454842;6.827290058;6.85538578;6.827290058;0;101438
01.07.1981;4.921309471;7.052056789;7.080152035;7.052056789;0;40042
02.07.1981;4.980129242;7.136343956;7.164440155;7.136343956;0;49829
06.07.1981;4.882095814;6.995864868;7.023961067;6.995864868;0;6229
07.07.1981;4.735042095;6.785146236;6.827290058;6.785146236;0;6229
08.07.1981;4.901702404;7.023961067;7.052056789;7.023961067;0;10678
09.07.1981;4.833078384;6.925624847;6.953721046;6.925624847;0;12457
10.07.1981;4.980129242;7.136343956;7.164440155;7.136343956;0;17796
13.07.1981;5.05855608;7.248726845;7.276823044;7.248726845;0;3559
14.07.1981;4.862488747;6.967769146;7.009912968;6.967769146;0;34703
15.07.1981;4.862488747;6.967769146;7.009912968;6.967769146;0;1780
16.07.1981;4.862488747;6.967769146;7.009912968;6.967769146;0;7118
17.07.1981;4.862488747;6.967769146;6.981816769;6.967769146;0;890
20.07.1981;4.833078384;6.925624847;6.953721046;6.925624847;0;40931
21.07.1981;4.833078384;6.925624847;6.925624847;6.925624847;6.925624847;0
22.07.1981;4.784060955;6.85538578;6.897529125;6.85538578;0;6229
23.07.1981;4.823275089;6.911577225;6.939672947;6.911577225;0;1780
24.07.1981;4.960521698;7.108248234;7.122295856;7.108248234;0;32923
27.07.1981;4.950719833;7.094200134;7.094200134;7.094200134;0;8008
28.07.1981;4.842882156;6.939672947;6.981816769;6.939672947;0;5339
29.07.1981;4.940915585;7.080152035;7.108248234;7.080152035;0;10678
30.07.1981;4.940915585;7.080152035;7.122295856;7.080152035;0;890
31.07.1981;4.931112766;7.066104889;7.108248234;7.066104889;0;4449
03.08.1981;4.705632687;6.743001938;6.771098137;6.743001938;0;22245
04.08.1981;4.705632687;6.743001938;6.743001938;6.743001938;6.743001938;0
05.08.1981;5.05855608;7.248726845;7.290871143;7.248726845;0;8898
06.08.1981;5.176198006;7.417303085;7.431350231;7.417303085;0;114786
07.08.1981;5.470300198;7.838739872;7.866836071;7.838739872;0;106777
10.08.1981;5.470300198;7.838739872;7.838739872;7.838739872;7.838739872;0
11.08.1981;5.117376328;7.333014965;7.361111164;7.333014965;0;32923
12.08.1981;5.117376328;7.333014965;7.361111164;7.333014965;0;47160
13.08.1981;4.980129242;7.136343956;7.192535877;7.136343956;0;890
14.08.1981;4.980129242;7.136343956;7.136343956;7.136343956;7.136343956;0
17.08.1981;5.09776926;7.304918766;7.347063065;7.304918766;0;11568
18.08.1981;5.038949966;7.220632076;7.248726845;7.220632076;0;10678
19.08.1981;5.087968349;7.290871143;7.333014965;7.290871143;0;17796
20.08.1981;5.068360806;7.262774944;7.304918766;7.262774944;0;4449
21.08.1981;5.068360806;7.262774944;7.262774944;7.262774944;7.262774944;0
24.08.1981;5.117376328;7.333014965;7.375158787;7.333014965;0;19576
25.08.1981;4.931112766;7.066104889;7.108248234;7.066104889;0;21355
26.08.1981;4.931112766;7.066104889;7.094200134;7.066104889;0;9788
27.08.1981;4.715436459;6.757050037;6.799193859;6.757050037;0;2669
28.08.1981;4.587993622;6.574427128;6.61657095;6.574427128;0;1780
31.08.1981;4.568386555;6.546330929;6.574427128;6.546330929;0;30254
01.09.1981;4.391925335;6.293468952;6.321565151;6.293468952;0;21355
02.09.1981;4.284087658;6.138941765;6.167037964;6.138941765;0;32033
03.09.1981;4.489958763;6.43394804;6.462043762;6.43394804;0;21355
04.09.1981;4.480157852;6.41989994;6.462043762;6.41989994;0;8008
08.09.1981;4.587993622;6.574427128;6.60252285;6.574427128;0;48050
09.09.1981;4.470351219;6.405851841;6.43394804;6.405851841;0;44491
10.09.1981;4.470351219;6.405851841;6.43394804;6.405851841;0;51609
11.09.1981;4.303695679;6.167037964;6.209180832;6.167037964;0;19576
14.09.1981;4.303695679;6.167037964;6.167037964;6.167037964;6.167037964;0
15.09.1981;4.450744629;6.377756119;6.405851841;6.377756119;0;2669
16.09.1981;4.431138992;6.349660873;6.377756119;6.349660873;0;2669
17.09.1981;4.480157852;6.41989994;6.44799614;6.41989994;0;1780
18.09.1981;4.470351219;6.405851841;6.44799614;6.405851841;0;32033
21.09.1981;4.470351219;6.405851841;6.405851841;6.405851841;6.405851841;0
22.09.1981;4.33310318;6.209180832;6.237277031;6.209180832;0;4449
23.09.1981;4.244874477;6.082749844;6.124894142;6.082749844;0;37372
24.09.1981;4.009591579;5.745600224;5.773695946;5.745600224;0;9788
25.09.1981;3.87234664;5.548929214;5.591073036;5.548929214;0;47160
28.09.1981;3.44099474;4.930819988;4.958916187;4.930819988;0;67626
29.09.1981;3.75470376;5.380353928;5.408450127;5.380353928;0;30254
30.09.1981;3.558635712;5.099396229;5.127490997;5.099396229;0;10678
01.10.1981;3.323354006;4.762245178;4.7903409;4.762245178;0;21355
02.10.1981;3.391978979;4.860580921;4.88867712;4.860580921;0;18686
05.10.1981;3.774312258;5.408450127;5.422498226;5.408450127;0;41821
06.10.1981;3.666473389;5.253922939;5.282018185;5.253922939;0;6229
07.10.1981;3.882148266;5.562976837;5.605121136;5.562976837;0;5339
08.10.1981;3.85273838;5.520833015;5.548929214;5.520833015;0;18686
09.10.1981;3.950771332;5.661312103;5.689407825;5.661312103;0;16017
12.10.1981;4.244874477;6.082749844;6.096797943;6.082749844;0;12457
13.10.1981;4.137038231;5.928223133;5.970366955;5.928223133;0;16906
14.10.1981;3.970378637;5.689407825;5.717504025;5.689407825;0;10678
15.10.1981;3.735097408;5.352258205;5.394402027;5.352258205;0;13347
16.10.1981;3.53902936;5.07130003;5.099396229;5.07130003;0;28474
19.10.1981;3.53902936;5.07130003;5.113442898;5.07130003;0;2669
20.10.1981;3.793917656;5.436545849;5.478689194;5.436545849;0;25805
21.10.1981;3.75470376;5.380353928;5.408450127;5.380353928;0;14237
22.10.1981;3.75470376;5.380353928;5.380353928;5.380353928;5.380353928;0
23.10.1981;3.686078787;5.282018185;5.310113907;5.282018185;0;7118
26.10.1981;3.558635712;5.099396229;5.127490997;5.099396229;0;1780
27.10.1981;3.558635712;5.099396229;5.099396229;5.099396229;5.099396229;0
28.10.1981;3.558635712;5.099396229;5.099396229;5.099396229;5.099396229;0
29.10.1981;3.793917656;5.436545849;5.464641094;5.436545849;0;5339
30.10.1981;3.803720713;5.450593948;5.492736816;5.450593948;0;12457
02.11.1981;3.921361446;5.619169235;5.661312103;5.619169235;0;2669
03.11.1981;3.921361446;5.619169235;5.619169235;5.619169235;5.619169235;0
04.11.1981;3.999789476;5.731552124;5.759647846;5.731552124;0;6229
05.11.1981;4.009591579;5.745600224;5.759647846;5.745600224;0;56948
06.11.1981;4.127232552;5.914175034;5.942271233;5.914175034;0;37372
09.11.1981;4.048807144;5.801792145;5.829886913;5.801792145;0;9788
10.11.1981;4.019395828;5.759647846;5.787744045;5.759647846;0;7118
11.11.1981;4.019395828;5.759647846;5.759647846;5.759647846;5.759647846;0
12.11.1981;4.019395828;5.759647846;5.759647846;5.759647846;5.759647846;0
13.11.1981;4.09782362;5.872031212;5.900126934;5.872031212;0;1780
16.11.1981;4.117429256;5.900126934;5.942271233;5.900126934;0;890
17.11.1981;4.117429256;5.900126934;5.900126934;5.900126934;5.900126934;0
18.11.1981;4.039004326;5.787744045;5.829886913;5.787744045;0;5339
19.11.1981;4.058610439;5.815839767;5.843935013;5.815839767;0;5339
20.11.1981;4.06841135;5.829886913;5.857983112;5.829886913;0;13347
23.11.1981;4.088019371;5.857983112;5.900126934;5.857983112;0;2669
24.11.1981;4.029198647;5.773695946;5.801792145;5.773695946;0;13347
25.11.1981;3.989985704;5.717504025;5.759647846;5.717504025;0;8898
27.11.1981;3.989985704;5.717504025;5.717504025;5.717504025;5.717504025;0
30.11.1981;3.911559105;5.605121136;5.633216858;5.605121136;0;890
01.12.1981;3.862540007;5.534881115;5.562976837;5.534881115;0;14237
02.12.1981;3.8135252;5.464641094;5.492736816;5.464641094;0;890
03.12.1981;3.8135252;5.464641094;5.464641094;5.464641094;5.464641094;0
04.12.1981;3.8135252;5.464641094;5.464641094;5.464641094;5.464641094;0
07.12.1981;4.078216076;5.843935013;5.872031212;5.843935013;0;29364
08.12.1981;4.039004326;5.787744045;5.815839767;5.787744045;0;17796
09.12.1981;4.039004326;5.787744045;5.787744045;5.787744045;5.787744045;0
10.12.1981;3.911559105;5.605121136;5.633216858;5.605121136;0;1780
11.12.1981;3.891951799;5.577024937;5.619169235;5.577024937;0;890
14.12.1981;3.882148266;5.562976837;5.605121136;5.562976837;0;890
15.12.1981;3.901755333;5.591073036;5.633216858;5.591073036;0;1780
16.12.1981;3.882148266;5.562976837;5.591073036;5.562976837;0;3559
17.12.1981;3.980182886;5.703455925;5.731552124;5.703455925;0;18686
18.12.1981;3.921361446;5.619169235;5.675360203;5.619169235;0;1780
21.12.1981;3.921361446;5.619169235;5.619169235;5.619169235;5.619169235;0
22.12.1981;3.901755333;5.591073036;5.633216858;5.591073036;0;2669
23.12.1981;4.039004326;5.787744045;5.829886913;5.787744045;0;6229
24.12.1981;4.039004326;5.787744045;5.787744045;5.787744045;5.787744045;0
28.12.1981;4.442901134;6.366518021;6.366518021;6.366518021;6.366518021;0
29.12.1981;4.442901134;6.366518021;6.366518021;6.366518021;6.366518021;0
30.12.1981;3.892932653;5.578430176;5.624787807;5.578430176;0;809
31.12.1981;3.903715372;5.593882084;5.624787807;5.593882084;0;4045
04.01.1982;3.903715372;5.593882084;5.593882084;5.593882084;5.593882084;0
05.01.1982;3.968418837;5.686598778;5.717504025;5.686598778;0;809
06.01.1982;3.968418837;5.686598778;5.686598778;5.686598778;5.686598778;0
07.01.1982;3.882148266;5.562976837;5.578430176;5.562976837;0;809
08.01.1982;3.828227282;5.485713005;5.532071114;5.485713005;0;3236
11.01.1982;3.81744647;5.470261097;5.485713005;5.470261097;0;17796
12.01.1982;3.81744647;5.470261097;5.470261097;5.470261097;5.470261097;0
13.01.1982;3.720392466;5.331185818;5.362092018;5.331185818;0;3236
14.01.1982;3.70960784;5.315732956;5.362092018;5.315732956;0;3236
15.01.1982;3.70960784;5.315732956;5.362092018;5.315732956;0;1618
18.01.1982;3.731174946;5.346639156;5.392996788;5.346639156;0;3236
19.01.1982;3.785092115;5.423902035;5.454808235;5.423902035;0;8089
20.01.1982;3.81744647;5.470261097;5.501165867;5.470261097;0;1618
21.01.1982;3.774312258;5.408450127;5.454808235;5.408450127;0;2427
22.01.1982;3.806661844;5.454808235;5.470261097;5.454808235;0;5662
25.01.1982;3.957634926;5.671145916;5.717504025;5.671145916;0;16178
26.01.1982;3.968418837;5.686598778;5.717504025;5.686598778;0;33166
27.01.1982;4.248795986;6.088368893;6.119275093;6.088368893;0;65522
28.01.1982;4.20566082;6.026557922;6.057464123;6.026557922;0;54198
29.01.1982;4.194877148;6.011106014;6.026557922;6.011106014;0;13752
01.02.1982;4.000769138;5.732956886;5.779314995;5.732956886;0;23459
02.02.1982;3.903715372;5.593882084;5.609334946;5.593882084;0;809
03.02.1982;3.925282717;5.624787807;5.655693054;5.624787807;0;34784
04.02.1982;3.860579252;5.532071114;5.562976837;5.532071114;0;12943
05.02.1982;3.860579252;5.532071114;5.532071114;5.532071114;5.532071114;0
08.02.1982;3.763528109;5.392996788;5.423902035;5.392996788;0;25885
09.02.1982;3.741960049;5.362092018;5.408450127;5.362092018;0;3236
10.02.1982;3.860579252;5.532071114;5.578430176;5.532071114;0;3236
11.02.1982;3.860579252;5.532071114;5.532071114;5.532071114;5.532071114;0
12.02.1982;3.752743006;5.377543926;5.423902035;5.377543926;0;809
16.02.1982;3.741960049;5.362092018;5.408450127;5.362092018;0;5662
17.02.1982;3.741960049;5.362092018;5.362092018;5.362092018;5.362092018;0
18.02.1982;3.741960049;5.362092018;5.362092018;5.362092018;5.362092018;0
19.02.1982;3.806661844;5.454808235;5.485713005;5.454808235;0;11325
22.02.1982;3.81744647;5.470261097;5.501165867;5.470261097;0;24268
23.02.1982;3.741960049;5.362092018;5.392996788;5.362092018;0;36401
24.02.1982;3.655689955;5.238470078;5.269374847;5.238470078;0;14561
25.02.1982;3.634121656;5.207564831;5.238470078;5.207564831;0;11325
26.02.1982;3.537068367;5.068490028;5.114848137;5.068490028;0;13752
01.03.1982;3.472364902;4.975773811;5.02213192;4.975773811;0;1618
02.03.1982;3.493932247;5.006679058;5.053037167;5.006679058;0;30739
03.03.1982;3.526284218;5.053037167;5.099396229;5.053037167;0;3236
04.03.1982;3.418447733;4.898509979;4.92941618;4.898509979;0;4854
05.03.1982;3.342960358;4.7903409;4.836699009;4.7903409;0;2427
08.03.1982;3.429230452;4.913962841;4.944868088;4.913962841;0;3236
09.03.1982;3.342960358;4.7903409;4.821247101;4.7903409;0;16178
10.03.1982;3.35374403;4.805793762;4.852151871;4.805793762;0;20223
11.03.1982;3.332177877;4.774888992;4.805793762;4.774888992;0;41255
12.03.1982;3.170420408;4.543097973;4.57400322;4.543097973;0;16987
15.03.1982;3.181204081;4.558550835;4.558550835;4.558550835;4.558550835;0
16.03.1982;3.073367357;4.40402317;4.63581419;4.40402317;0;809
17.03.1982;3.073367357;4.40402317;4.63581419;4.40402317;0;647
18.03.1982;3.127285719;4.481287003;4.63581419;4.481287003;0;20061
19.03.1982;3.127285719;4.481287003;4.63581419;4.481287003;0;809
22.03.1982;3.127285719;4.481287003;4.63581419;4.481287003;0;1294
23.03.1982;3.181204081;4.558550835;4.713078022;4.558550835;0;4854
24.03.1982;3.235122919;4.63581419;4.7903409;4.63581419;0;5015
25.03.1982;3.127285719;4.481287003;4.63581419;4.481287003;0;5501
26.03.1982;3.073367357;4.40402317;4.558550835;4.40402317;0;2750
29.03.1982;2.965530396;4.249495983;4.40402317;4.249495983;0;28959
30.03.1982;2.965530396;4.249495983;4.326759815;4.249495983;0;809
31.03.1982;2.965530396;4.249495983;4.326759815;4.249495983;0;1294
01.04.1982;2.965530396;4.249495983;4.40402317;4.249495983;0;971
02.04.1982;2.965530396;4.249495983;4.40402317;4.249495983;0;485
05.04.1982;2.965530396;4.249495983;4.326759815;4.249495983;0;4045
06.04.1982;2.857692242;4.094968796;4.249495983;4.094968796;0;1132
07.04.1982;2.857692242;4.094968796;4.249495983;4.094968796;0;10678
08.04.1982;2.803773642;4.017705917;4.249495983;4.017705917;0;485
12.04.1982;2.857692242;4.094968796;4.326759815;4.094968796;0;11325
13.04.1982;2.857692242;4.094968796;4.249495983;4.094968796;0;7442
14.04.1982;2.857692242;4.094968796;4.249495983;4.094968796;0;20223
15.04.1982;2.803773642;4.017705917;4.172233105;4.017705917;0;1941
16.04.1982;2.803773642;4.017705917;4.172233105;4.017705917;0;162
19.04.1982;2.803773642;4.017705917;4.249495983;4.017705917;0;324
20.04.1982;2.911610842;4.172233105;4.326759815;4.172233105;0;4045
21.04.1982;2.965530396;4.249495983;4.40402317;4.249495983;0;971
22.04.1982;3.073367357;4.40402317;4.481287003;4.40402317;0;1941
23.04.1982;3.181204081;4.558550835;4.558550835;4.558550835;0;2912
26.04.1982;3.450798035;4.944868088;5.02213192;4.944868088;0;10031
27.04.1982;3.450798035;4.944868088;5.02213192;4.944868088;0;18282
28.04.1982;3.504716635;5.02213192;5.176659107;5.02213192;0;2427
29.04.1982;3.504716635;5.02213192;5.176659107;5.02213192;0;12619
30.04.1982;3.558635712;5.099396229;5.176659107;5.099396229;0;971
03.05.1982;3.558635712;5.099396229;5.253922939;5.099396229;0;3397
04.05.1982;3.612553596;5.176659107;5.331185818;5.176659107;0;12457
05.05.1982;3.666473389;5.253922939;5.408450127;5.253922939;0;5015
06.05.1982;3.882148266;5.562976837;5.717504025;5.562976837;0;7280
07.05.1982;3.882148266;5.562976837;5.717504025;5.562976837;0;15855
10.05.1982;3.828227282;5.485713005;5.640240192;5.485713005;0;10516
11.05.1982;3.882148266;5.562976837;5.640240192;5.562976837;0;45947
12.05.1982;3.774312258;5.408450127;5.640240192;5.408450127;0;8736
13.05.1982;3.936066389;5.640240192;5.717504025;5.640240192;0;5339
14.05.1982;3.936066389;5.640240192;5.794767857;5.640240192;0;647
17.05.1982;3.936066389;5.640240192;5.794767857;5.640240192;0;2427
18.05.1982;3.936066389;5.640240192;5.717504025;5.640240192;0;2265
19.05.1982;3.989985704;5.717504025;5.794767857;5.717504025;0;5339
20.05.1982;3.936066389;5.640240192;5.794767857;5.640240192;0;1941
21.05.1982;3.882148266;5.562976837;5.794767857;5.562976837;0;2265
24.05.1982;3.882148266;5.562976837;5.794767857;5.562976837;0;485
25.05.1982;3.882148266;5.562976837;5.640240192;5.562976837;0;3559
26.05.1982;3.882148266;5.562976837;5.640240192;5.562976837;0;6795
27.05.1982;3.774312258;5.408450127;5.485713005;5.408450127;0;5501
28.05.1982;3.666473389;5.253922939;5.408450127;5.253922939;0;1294
01.06.1982;3.720392466;5.331185818;5.485713005;5.331185818;0;809
02.06.1982;3.774312258;5.408450127;5.485713005;5.408450127;0;1618
03.06.1982;3.720392466;5.331185818;5.408450127;5.331185818;0;1780
04.06.1982;3.720392466;5.331185818;5.408450127;5.331185818;0;971
07.06.1982;3.612553596;5.176659107;5.253922939;5.176659107;0;5824
08.06.1982;3.612553596;5.176659107;5.253922939;5.176659107;0;5339
09.06.1982;3.558635712;5.099396229;5.176659107;5.099396229;0;2589
10.06.1982;3.504716635;5.02213192;5.176659107;5.02213192;0;2103
11.06.1982;3.558635712;5.099396229;5.176659107;5.099396229;0;324
14.06.1982;3.504716635;5.02213192;5.176659107;5.02213192;0;1780
15.06.1982;3.450798035;4.944868088;5.099396229;4.944868088;0;162
16.06.1982;3.342960358;4.7903409;5.02213192;4.7903409;0;485
17.06.1982;3.342960358;4.7903409;4.867605209;4.7903409;0;1456
18.06.1982;3.342960358;4.7903409;4.7903409;4.7903409;4.7903409;0
21.06.1982;3.289041996;4.713078022;4.7903409;4.713078022;0;647
22.06.1982;3.396879911;4.867605209;5.02213192;4.867605209;0;162
23.06.1982;3.073367357;4.40402317;4.558550835;4.40402317;0;2265
24.06.1982;3.073367357;4.40402317;4.558550835;4.40402317;0;324
25.06.1982;3.073367357;4.40402317;4.558550835;4.40402317;0;971
28.06.1982;3.321393967;4.759436131;4.92941618;4.759436131;0;147
29.06.1982;3.262082815;4.674446106;4.92941618;4.674446106;0;2353
30.06.1982;3.440015078;4.92941618;5.014406204;4.92941618;0;9119
01.07.1982;3.440015078;4.92941618;4.92941618;4.92941618;4.92941618;0
02.07.1982;3.262082815;4.674446106;4.844426155;4.674446106;0;2059
06.07.1982;3.202773333;4.589456081;4.759436131;4.589456081;0;147
07.07.1982;3.202773333;4.589456081;4.759436131;4.589456081;0;441
08.07.1982;3.143461704;4.504466057;4.589456081;4.504466057;0;1765
09.07.1982;3.202773333;4.589456081;4.674446106;4.589456081;0;147
12.07.1982;3.321393967;4.759436131;4.92941618;4.759436131;0;147
13.07.1982;3.202773333;4.589456081;4.759436131;4.589456081;0;3824
14.07.1982;3.202773333;4.589456081;4.759436131;4.589456081;0;1324
15.07.1982;3.202773333;4.589456081;4.759436131;4.589456081;0;147
16.07.1982;3.202773333;4.589456081;4.589456081;4.589456081;4.589456081;0
19.07.1982;3.262082815;4.674446106;4.759436131;4.674446106;0;1765
20.07.1982;3.262082815;4.674446106;4.674446106;4.674446106;4.674446106;0
21.07.1982;3.202773333;4.589456081;4.674446106;4.589456081;0;7795
22.07.1982;3.262082815;4.674446106;4.759436131;4.674446106;0;1324
23.07.1982;3.262082815;4.674446106;4.674446106;4.674446106;4.674446106;0
26.07.1982;3.143461704;4.504466057;4.674446106;4.504466057;0;1324
27.07.1982;3.084151983;4.419476032;4.589456081;4.419476032;0;1471
28.07.1982;3.024840832;4.334486008;4.504466057;4.334486008;0;2059
29.07.1982;2.965530396;4.249495983;4.419476032;4.249495983;0;1324
30.07.1982;2.965530396;4.249495983;4.419476032;4.249495983;0;294
02.08.1982;2.965530396;4.249495983;4.249495983;4.249495983;4.249495983;0
03.08.1982;2.965530396;4.249495983;4.419476032;4.249495983;0;441
04.08.1982;2.965530396;4.249495983;4.249495983;4.249495983;4.249495983;0
05.08.1982;2.965530396;4.249495983;4.419476032;4.249495983;0;294
06.08.1982;2.965530396;4.249495983;4.249495983;4.249495983;4.249495983;0
09.08.1982;2.846908331;4.079515934;4.334486008;4.079515934;0;588
10.08.1982;2.906218767;4.164505959;4.249495983;4.164505959;0;588
11.08.1982;2.906218767;4.164505959;4.249495983;4.164505959;0;882
12.08.1982;2.906218767;4.164505959;4.164505959;4.164505959;4.164505959;0
13.08.1982;2.906218767;4.164505959;4.334486008;4.164505959;0;1471
16.08.1982;2.906218767;4.164505959;4.249495983;4.164505959;0;294
17.08.1982;2.965530396;4.249495983;4.334486008;4.249495983;0;882
18.08.1982;2.965530396;4.249495983;4.419476032;4.249495983;0;11031
19.08.1982;3.084151983;4.419476032;4.504466057;4.419476032;0;16473
20.08.1982;3.143461704;4.504466057;4.589456081;4.504466057;0;3089
23.08.1982;3.143461704;4.504466057;4.589456081;4.504466057;0;441
24.08.1982;3.202773333;4.589456081;4.674446106;4.589456081;0;3089
25.08.1982;3.321393967;4.759436131;4.92941618;4.759436131;0;147
26.08.1982;3.321393967;4.759436131;4.844426155;4.759436131;0;4265
27.08.1982;3.262082815;4.674446106;4.759436131;4.674446106;0;1765
30.08.1982;3.262082815;4.674446106;4.674446106;4.674446106;4.674446106;0
31.08.1982;3.084151983;4.419476032;4.504466057;4.419476032;0;147
01.09.1982;3.202773333;4.589456081;4.759436131;4.589456081;0;1618
02.09.1982;3.202773333;4.589456081;4.674446106;4.589456081;0;1030
03.09.1982;3.262082815;4.674446106;4.844426155;4.674446106;0;2059
07.09.1982;3.262082815;4.674446106;4.844426155;4.674446106;0;882
08.09.1982;3.202773333;4.589456081;4.759436131;4.589456081;0;1471
09.09.1982;3.202773333;4.589456081;4.674446106;4.589456081;0;882
10.09.1982;3.084151983;4.419476032;4.589456081;4.419476032;0;7648
13.09.1982;3.024840832;4.334486008;4.504466057;4.334486008;0;882
14.09.1982;3.084151983;4.419476032;4.589456081;4.419476032;0;1765
15.09.1982;3.024840832;4.334486008;4.504466057;4.334486008;0;7501
16.09.1982;3.024840832;4.334486008;4.504466057;4.334486008;0;16914
17.09.1982;3.024840832;4.334486008;4.504466057;4.334486008;0;2942
20.09.1982;3.024840832;4.334486008;4.504466057;4.334486008;0;3089
21.09.1982;3.024840832;4.334486008;4.334486008;4.334486008;4.334486008;0
22.09.1982;3.084151983;4.419476032;4.589456081;4.419476032;0;5148
23.09.1982;3.084151983;4.419476032;4.504466057;4.419476032;0;1765
24.09.1982;2.965530396;4.249495983;4.419476032;4.249495983;0;5148
27.09.1982;2.906218767;4.164505959;4.334486008;4.164505959;0;147
28.09.1982;2.965530396;4.249495983;4.419476032;4.249495983;0;3383
29.09.1982;3.024840832;4.334486008;4.504466057;4.334486008;0;1030
30.09.1982;3.024840832;4.334486008;4.504466057;4.334486008;0;147
01.10.1982;3.024840832;4.334486008;4.504466057;4.334486008;0;7060
04.10.1982;2.965530396;4.249495983;4.419476032;4.249495983;0;2353
05.10.1982;2.965530396;4.249495983;4.419476032;4.249495983;0;2500
06.10.1982;3.024840832;4.334486008;4.419476032;4.334486008;0;735
07.10.1982;3.084151983;4.419476032;4.589456081;4.419476032;0;1324
08.10.1982;3.202773333;4.589456081;4.759436131;4.589456081;0;2500
11.10.1982;3.321393967;4.759436131;4.844426155;4.759436131;0;3824
12.10.1982;3.262082815;4.674446106;4.759436131;4.674446106;0;4854
13.10.1982;3.380703688;4.844426155;4.92941618;4.844426155;0;9560
14.10.1982;3.321393967;4.759436131;4.844426155;4.759436131;0;2500
15.10.1982;3.321393967;4.759436131;4.844426155;4.759436131;0;1765
18.10.1982;3.499325275;5.014406204;5.184384823;5.014406204;0;2059
19.10.1982;3.440015078;4.92941618;5.014406204;4.92941618;0;7795
20.10.1982;3.440015078;4.92941618;5.099396229;4.92941618;0;1765
21.10.1982;3.262082815;4.674446106;4.844426155;4.674446106;0;10295
22.10.1982;3.262082815;4.674446106;4.92941618;4.674446106;0;735
25.10.1982;3.143461704;4.504466057;4.589456081;4.504466057;0;33975
26.10.1982;3.202773333;4.589456081;4.674446106;4.589456081;0;5883
27.10.1982;3.202773333;4.589456081;4.674446106;4.589456081;0;882
28.10.1982;3.202773333;4.589456081;4.674446106;4.589456081;0;7942
29.10.1982;3.143461704;4.504466057;4.674446106;4.504466057;0;588
01.11.1982;3.202773333;4.589456081;4.674446106;4.589456081;0;2353
02.11.1982;3.202773333;4.589456081;4.674446106;4.589456081;0;3236
03.11.1982;3.321393967;4.759436131;4.844426155;4.759436131;0;18090
04.11.1982;3.262082815;4.674446106;4.759436131;4.674446106;0;8089
05.11.1982;3.262082815;4.674446106;4.759436131;4.674446106;0;39416
08.11.1982;3.202773333;4.589456081;4.759436131;4.589456081;0;882
09.11.1982;3.202773333;4.589456081;4.759436131;4.589456081;0;8825
10.11.1982;3.321393967;4.759436131;4.844426155;4.759436131;0;13531
11.11.1982;3.262082815;4.674446106;4.844426155;4.674446106;0;5148
12.11.1982;3.321393967;4.759436131;4.844426155;4.759436131;0;588
15.11.1982;3.440015078;4.92941618;5.014406204;4.92941618;0;2059
16.11.1982;3.440015078;4.92941618;5.014406204;4.92941618;0;7207
17.11.1982;3.440015078;4.92941618;5.014406204;4.92941618;0;1765
18.11.1982;3.440015078;4.92941618;5.099396229;4.92941618;0;8972
19.11.1982;3.617946386;5.184384823;5.269374847;5.184384823;0;11472
22.11.1982;3.617946386;5.184384823;5.354364872;5.184384823;0;1618
23.11.1982;3.558635712;5.099396229;5.269374847;5.099396229;0;0
24.11.1982;3.677257061;5.269374847;5.354364872;5.269374847;0;147
26.11.1982;3.677257061;5.269374847;5.439354897;5.269374847;0;441
29.11.1982;3.73656559;5.354364872;5.524344921;5.354364872;0;7060
30.11.1982;3.73656559;5.354364872;5.439354897;5.354364872;0;6471
01.12.1982;3.795877934;5.439354897;5.524344921;5.439354897;0;1324
02.12.1982;3.73656559;5.354364872;5.524344921;5.354364872;0;3824
03.12.1982;3.73656559;5.354364872;5.524344921;5.354364872;0;3971
06.12.1982;3.914499998;5.609334946;5.69432497;5.609334946;0;7354
07.12.1982;4.033119678;5.779314995;5.864305019;5.779314995;0;8089
08.12.1982;3.973809719;5.69432497;5.864305019;5.69432497;0;1030
09.12.1982;3.914499998;5.609334946;5.69432497;5.609334946;0;4412
10.12.1982;3.855190277;5.524344921;5.69432497;5.524344921;0;147
13.12.1982;3.795877934;5.439354897;5.69432497;5.439354897;0;1618
14.12.1982;3.795877934;5.439354897;5.69432497;5.439354897;0;147
15.12.1982;3.795877934;5.439354897;5.439354897;5.439354897;5.439354897;0
16.12.1982;3.795877934;5.439354897;5.524344921;5.439354897;0;882
17.12.1982;3.795877934;5.439354897;5.609334946;5.439354897;0;2206
20.12.1982;3.795877934;5.439354897;5.524344921;5.439354897;0;1912
21.12.1982;3.795877934;5.439354897;5.609334946;5.439354897;0;1177
22.12.1982;3.855190277;5.524344921;5.609334946;5.524344921;0;441
23.12.1982;4.151742935;5.949295044;6.034285069;5.949295044;0;7060
27.12.1982;4.50760603;6.459234238;6.544223785;6.459234238;0;3089
28.12.1982;4.388983727;6.289254189;6.544223785;6.289254189;0;4265
29.12.1982;4.388983727;6.289254189;6.459234238;6.289254189;0;1177
30.12.1982;4.448293209;6.374244213;6.544223785;6.374244213;0;12354
31.12.1982;4.448293209;6.374244213;6.374244213;6.374244213;6.374244213;0
03.01.1983;4.50760603;6.459234238;6.544223785;6.459234238;0;735
04.01.1983;4.50760603;6.459234238;6.544223785;6.459234238;0;7060
05.01.1983;4.388983727;6.289254189;6.459234238;6.289254189;0;3971
06.01.1983;4.388983727;6.289254189;6.374244213;6.289254189;0;14266
07.01.1983;4.388983727;6.289254189;6.374244213;6.289254189;0;4265
10.01.1983;4.329672337;6.204265118;6.374244213;6.204265118;0;10884
11.01.1983;4.151742935;5.949295044;6.034285069;5.949295044;0;13531
12.01.1983;4.151742935;5.949295044;6.034285069;5.949295044;0;1177
13.01.1983;4.151742935;5.949295044;6.034285069;5.949295044;0;4265
14.01.1983;4.092431068;5.864305019;6.119275093;5.864305019;0;2353
17.01.1983;4.151742935;5.949295044;6.119275093;5.949295044;0;882
18.01.1983;4.033119678;5.779314995;5.864305019;5.779314995;0;2794
19.01.1983;3.855190277;5.524344921;5.69432497;5.524344921;0;8089
20.01.1983;3.973809719;5.69432497;5.864305019;5.69432497;0;5295
21.01.1983;3.973809719;5.69432497;5.779314995;5.69432497;0;8383
24.01.1983;3.795877934;5.439354897;5.609334946;5.439354897;0;1618
25.01.1983;3.855190277;5.524344921;5.69432497;5.524344921;0;2059
26.01.1983;3.973809719;5.69432497;5.779314995;5.69432497;0;1471
27.01.1983;3.914499998;5.609334946;5.69432497;5.609334946;0;9119
28.01.1983;3.914499998;5.609334946;5.69432497;5.609334946;0;882
31.01.1983;3.914499998;5.609334946;5.69432497;5.609334946;0;3236
01.02.1983;3.914499998;5.609334946;5.69432497;5.609334946;0;8972
02.02.1983;3.795877934;5.439354897;5.609334946;5.439354897;0;2206
03.02.1983;3.795877934;5.439354897;5.609334946;5.439354897;0;7942
04.02.1983;3.795877934;5.439354897;5.524344921;5.439354897;0;1030
07.02.1983;3.855190277;5.524344921;5.524344921;5.524344921;0;3383
08.02.1983;3.855190277;5.524344921;5.609334946;5.524344921;0;4265
09.02.1983;3.855190277;5.524344921;5.69432497;5.524344921;0;3677
10.02.1983;3.914499998;5.609334946;5.69432497;5.609334946;0;3383
11.02.1983;3.914499998;5.609334946;5.779314995;5.609334946;0;3236
14.02.1983;3.973809719;5.69432497;5.864305019;5.69432497;0;8677
15.02.1983;4.092431068;5.864305019;5.949295044;5.864305019;0;18679
16.02.1983;4.033119678;5.779314995;5.864305019;5.779314995;0;26915
17.02.1983;4.092431068;5.864305019;5.864305019;5.864305019;0;20444
18.02.1983;3.973809719;5.69432497;5.864305019;5.69432497;0;7207
22.02.1983;3.914499998;5.609334946;5.69432497;5.609334946;0;5295
23.02.1983;3.973809719;5.69432497;5.779314995;5.69432497;0;9413
24.02.1983;3.973809719;5.69432497;5.779314995;5.69432497;0;2353
25.02.1983;3.973809719;5.69432497;5.864305019;5.69432497;0;3824
28.02.1983;3.973809719;5.69432497;5.69432497;5.69432497;0;3236
01.03.1983;3.855190277;5.524344921;5.609334946;5.524344921;0;2647
02.03.1983;3.855190277;5.524344921;5.69432497;5.524344921;0;2059
03.03.1983;3.855190277;5.524344921;5.69432497;5.524344921;0;882
04.03.1983;3.973809719;5.69432497;5.69432497;5.69432497;0;7648
07.03.1983;3.973809719;5.69432497;5.864305019;5.69432497;0;4559
08.03.1983;3.914499998;5.609334946;5.779314995;5.609334946;0;1177
09.03.1983;3.914499998;5.609334946;5.609334946;5.609334946;5.609334946;0
10.03.1983;3.914499998;5.609334946;5.779314995;5.609334946;0;294
11.03.1983;3.914499998;5.609334946;5.779314995;5.609334946;0;7354
14.03.1983;3.973809719;5.69432497;5.779314995;5.69432497;0;14119
15.03.1983;3.973809719;5.69432497;5.779314995;5.69432497;0;1765
16.03.1983;4.092431068;5.864305019;5.949295044;5.864305019;0;17355
17.03.1983;4.033119678;5.779314995;5.949295044;5.779314995;0;6913
18.03.1983;4.151742935;5.949295044;6.034285069;5.949295044;0;441
21.03.1983;4.151742935;5.949295044;6.034285069;5.949295044;0;6766
22.03.1983;4.270363808;6.119275093;6.204265118;6.119275093;0;5295
23.03.1983;4.270363808;6.119275093;6.289254189;6.119275093;0;6177
24.03.1983;4.329672337;6.204265118;6.374244213;6.204265118;0;8236
25.03.1983;4.329672337;6.204265118;6.289254189;6.204265118;0;2500
28.03.1983;4.270363808;6.119275093;6.204265118;6.119275093;0;3089
29.03.1983;4.270363808;6.119275093;6.204265118;6.119275093;0;10001
30.03.1983;4.270363808;6.119275093;6.289254189;6.119275093;0;3089
31.03.1983;4.270363808;6.119275093;6.289254189;6.119275093;0;588
04.04.1983;4.151742935;5.949295044;6.119275093;5.949295044;0;735
05.04.1983;4.211052895;6.034285069;6.119275093;6.034285069;0;14413
06.04.1983;4.211052895;6.034285069;6.119275093;6.034285069;0;147
07.04.1983;4.151742935;5.949295044;6.034285069;5.949295044;0;3530
08.04.1983;4.092431068;5.864305019;5.949295044;5.864305019;0;1765
11.04.1983;4.151742935;5.949295044;6.119275093;5.949295044;0;11766
12.04.1983;4.211052895;6.034285069;6.119275093;6.034285069;0;4706
13.04.1983;4.270363808;6.119275093;6.204265118;6.119275093;0;2500
14.04.1983;4.388983727;6.289254189;6.459234238;6.289254189;0;12796
15.04.1983;4.388983727;6.289254189;6.374244213;6.289254189;0;1765
18.04.1983;4.388983727;6.289254189;6.374244213;6.289254189;0;2942
19.04.1983;4.270363808;6.119275093;6.204265118;6.119275093;0;14413
20.04.1983;4.270363808;6.119275093;6.289254189;6.119275093;0;7501
21.04.1983;4.329672337;6.204265118;6.289254189;6.204265118;0;12649
22.04.1983;4.388983727;6.289254189;6.374244213;6.289254189;0;8677
25.04.1983;4.329672337;6.204265118;6.289254189;6.204265118;0;1324
26.04.1983;4.329672337;6.204265118;6.289254189;6.204265118;0;7501
27.04.1983;4.329672337;6.204265118;6.289254189;6.204265118;0;5589
28.04.1983;4.388983727;6.289254189;6.374244213;6.289254189;0;35887
29.04.1983;4.566915512;6.544223785;6.62921381;6.544223785;0;47064
02.05.1983;4.626224995;6.62921381;6.714203835;6.62921381;0;30592
03.05.1983;4.626224995;6.62921381;6.714203835;6.62921381;0;23091
04.05.1983;4.626224995;6.62921381;6.714203835;6.62921381;0;882
05.05.1983;4.626224995;6.62921381;6.799193859;6.62921381;0;1030
06.05.1983;4.685537815;6.714203835;6.799193859;6.714203835;0;10737
09.05.1983;4.804158211;6.884183884;6.969173908;6.884183884;0;48241
10.05.1983;4.744847298;6.799193859;6.884183884;6.799193859;0;10001
11.05.1983;4.744847298;6.799193859;6.884183884;6.799193859;0;59419
12.05.1983;4.744847298;6.799193859;6.799193859;6.799193859;0;35151
13.05.1983;4.685537815;6.714203835;6.884183884;6.714203835;0;37799
16.05.1983;4.626224995;6.62921381;6.714203835;6.62921381;0;6471
17.05.1983;4.626224995;6.62921381;6.714203835;6.62921381;0;2647
18.05.1983;4.685537815;6.714203835;6.799193859;6.714203835;0;79274
19.05.1983;4.685537815;6.714203835;6.799193859;6.714203835;0;143399
20.05.1983;4.685537815;6.714203835;6.799193859;6.714203835;0;117955
23.05.1983;4.626224995;6.62921381;6.799193859;6.62921381;0;134722
24.05.1983;4.626224995;6.62921381;6.714203835;6.62921381;0;37210
25.05.1983;4.626224995;6.62921381;6.714203835;6.62921381;0;31033
26.05.1983;4.626224995;6.62921381;6.714203835;6.62921381;0;19267
27.05.1983;4.50760603;6.459234238;6.544223785;6.459234238;0;7795
31.05.1983;4.566915512;6.544223785;6.62921381;6.544223785;0;82216
01.06.1983;4.448293209;6.374244213;6.544223785;6.374244213;0;14708
02.06.1983;4.50760603;6.459234238;6.544223785;6.459234238;0;8089
03.06.1983;4.448293209;6.374244213;6.459234238;6.374244213;0;16325
06.06.1983;4.388983727;6.289254189;6.459234238;6.289254189;0;5589
07.06.1983;4.329672337;6.204265118;6.374244213;6.204265118;0;3236
08.06.1983;4.329672337;6.204265118;6.289254189;6.204265118;0;11913
09.06.1983;4.329672337;6.204265118;6.289254189;6.204265118;0;5442
10.06.1983;4.329672337;6.204265118;6.289254189;6.204265118;0;3236
13.06.1983;4.566915512;6.544223785;6.62921381;6.544223785;0;47947
14.06.1983;4.50760603;6.459234238;6.544223785;6.459234238;0;215761
15.06.1983;4.50760603;6.459234238;6.544223785;6.459234238;0;8236
16.06.1983;4.626224995;6.62921381;6.714203835;6.62921381;0;29415
17.06.1983;4.863469124;6.969173908;7.054163933;6.969173908;0;21767
20.06.1983;4.863469124;6.969173908;7.054163933;6.969173908;0;23826
21.06.1983;5.219333649;7.479113102;7.649093151;7.479113102;0;129133
22.06.1983;5.219333649;7.479113102;7.649093151;7.479113102;0;10295
23.06.1983;5.100712776;7.309134007;7.394123077;7.309134007;0;5442
24.06.1983;5.100712776;7.309134007;7.394123077;7.309134007;0;1618
27.06.1983;5.100712776;7.309134007;7.394123077;7.309134007;0;9413
28.06.1983;4.804158211;6.884183884;6.969173908;6.884183884;0;230321
29.06.1983;4.804158211;6.884183884;6.969173908;6.884183884;0;41476
30.06.1983;4.804158211;6.884183884;6.969173908;6.884183884;0;0
01.07.1983;4.863469124;6.969173908;7.054163933;6.969173908;0;3824
05.07.1983;4.685537815;6.714203835;6.884183884;6.714203835;0;47064
06.07.1983;4.744847298;6.799193859;6.884183884;6.799193859;0;42211
07.07.1983;4.744847298;6.799193859;6.884183884;6.799193859;0;45888
08.07.1983;4.744847298;6.799193859;6.884183884;6.799193859;0;114867
11.07.1983;4.685537815;6.714203835;6.799193859;6.714203835;0;15149
12.07.1983;4.626224995;6.62921381;6.714203835;6.62921381;0;59125
13.07.1983;4.626224995;6.62921381;6.799193859;6.62921381;0;16620
14.07.1983;4.685537815;6.714203835;6.799193859;6.714203835;0;10295
15.07.1983;4.744847298;6.799193859;6.884183884;6.799193859;0;24415
18.07.1983;4.744847298;6.799193859;6.884183884;6.799193859;0;40299
19.07.1983;4.744847298;6.799193859;6.799193859;6.799193859;0;60301
20.07.1983;4.804158211;6.884183884;6.884183884;6.884183884;0;51035
21.07.1983;4.804158211;6.884183884;6.969173908;6.884183884;0;40887
22.07.1983;4.804158211;6.884183884;6.969173908;6.884183884;0;88099
25.07.1983;4.566915512;6.544223785;6.62921381;6.544223785;0;25150
26.07.1983;4.744847298;6.799193859;6.969173908;6.799193859;0;30004
27.07.1983;4.744847298;6.799193859;6.884183884;6.799193859;0;16031
28.07.1983;4.744847298;6.799193859;6.799193859;6.799193859;6.799193859;0
29.07.1983;4.685537815;6.714203835;6.799193859;6.714203835;0;3530
01.08.1983;4.626224995;6.62921381;6.799193859;6.62921381;0;11178
02.08.1983;4.626224995;6.62921381;6.799193859;6.62921381;0;2059
03.08.1983;4.626224995;6.62921381;6.799193859;6.62921381;0;3089
04.08.1983;4.626224995;6.62921381;6.714203835;6.62921381;0;17355
05.08.1983;4.566915512;6.544223785;6.714203835;6.544223785;0;54565
08.08.1983;4.566915512;6.544223785;6.62921381;6.544223785;0;15884
09.08.1983;4.50760603;6.459234238;6.544223785;6.459234238;0;26180
10.08.1983;4.50760603;6.459234238;6.544223785;6.459234238;0;3824
11.08.1983;4.50760603;6.459234238;6.544223785;6.459234238;0;15443
12.08.1983;4.50760603;6.459234238;6.544223785;6.459234238;0;13531
15.08.1983;4.626224995;6.62921381;6.714203835;6.62921381;0;23826
16.08.1983;4.566915512;6.544223785;6.62921381;6.544223785;0;20738
17.08.1983;4.566915512;6.544223785;6.62921381;6.544223785;0;42358
18.08.1983;4.566915512;6.544223785;6.62921381;6.544223785;0;23532
19.08.1983;4.566915512;6.544223785;6.62921381;6.544223785;0;16473
22.08.1983;4.626224995;6.62921381;6.714203835;6.62921381;0;15296
23.08.1983;4.566915512;6.544223785;6.62921381;6.544223785;0;4706
24.08.1983;4.566915512;6.544223785;6.62921381;6.544223785;0;37357
25.08.1983;4.626224995;6.62921381;6.714203835;6.62921381;0;50594
26.08.1983;4.626224995;6.62921381;6.714203835;6.62921381;0;103542
29.08.1983;4.448293209;6.374244213;6.459234238;6.374244213;0;36916
30.08.1983;4.448293209;6.374244213;6.459234238;6.374244213;0;13825
31.08.1983;4.448293209;6.374244213;6.459234238;6.374244213;0;57654
01.09.1983;4.448293209;6.374244213;6.459234238;6.374244213;0;16178
02.09.1983;4.388983727;6.289254189;6.374244213;6.289254189;0;19414
06.09.1983;4.448293209;6.374244213;6.459234238;6.374244213;0;16325
07.09.1983;4.626224995;6.62921381;6.714203835;6.62921381;0;56477
08.09.1983;4.685537815;6.714203835;6.799193859;6.714203835;0;62066
09.09.1983;4.626224995;6.62921381;6.714203835;6.62921381;0;2353
12.09.1983;4.626224995;6.62921381;6.714203835;6.62921381;0;110601
13.09.1983;4.566915512;6.544223785;6.62921381;6.544223785;0;15296
14.09.1983;4.626224995;6.62921381;6.714203835;6.62921381;0;89275
15.09.1983;4.626224995;6.62921381;6.714203835;6.62921381;0;18532
16.09.1983;4.566915512;6.544223785;6.62921381;6.544223785;0;38828
19.09.1983;4.626224995;6.62921381;6.714203835;6.62921381;0;41476
20.09.1983;4.685537815;6.714203835;6.799193859;6.714203835;0;11619
21.09.1983;4.744847298;6.799193859;6.799193859;6.799193859;0;19708
22.09.1983;4.804158211;6.884183884;6.969173908;6.884183884;0;25444
23.09.1983;4.922780514;7.054163933;7.139153957;7.054163933;0;13531
26.09.1983;5.160021782;7.394123077;7.479113102;7.394123077;0;210025
27.09.1983;5.041401386;7.224143982;7.309134007;7.224143982;0;23679
28.09.1983;5.041401386;7.224143982;7.394123077;7.224143982;0;441
29.09.1983;5.100712776;7.309134007;7.394123077;7.309134007;0;1912
30.09.1983;5.100712776;7.309134007;7.394123077;7.309134007;0;1471
03.10.1983;5.100712776;7.309134007;7.394123077;7.309134007;0;172962
04.10.1983;5.160021782;7.394123077;7.479113102;7.394123077;0;76480
05.10.1983;5.160021782;7.394123077;7.479113102;7.394123077;0;10737
06.10.1983;5.160021782;7.394123077;7.479113102;7.394123077;0;7648
07.10.1983;5.278642654;7.564103127;7.649093151;7.564103127;0;14266
10.10.1983;5.278642654;7.564103127;7.734083176;7.564103127;0;5589
11.10.1983;5.219333649;7.479113102;7.564103127;7.479113102;0;7942
12.10.1983;5.219333649;7.479113102;7.564103127;7.479113102;0;3089
13.10.1983;5.100712776;7.309134007;7.479113102;7.309134007;0;8089
14.10.1983;4.863469124;6.969173908;7.054163933;6.969173908;0;26915
17.10.1983;5.100712776;7.309134007;7.479113102;7.309134007;0;21914
18.10.1983;5.041401386;7.224143982;7.309134007;7.224143982;0;3236
19.10.1983;4.982089996;7.139153957;7.224143982;7.139153957;0;8089
20.10.1983;5.041401386;7.224143982;7.394123077;7.224143982;0;7501
21.10.1983;5.100712776;7.309134007;7.394123077;7.309134007;0;3383
24.10.1983;4.982089996;7.139153957;7.309134007;7.139153957;0;441
25.10.1983;4.982089996;7.139153957;7.309134007;7.139153957;0;3236
26.10.1983;4.982089996;7.139153957;7.224143982;7.139153957;0;5148
27.10.1983;5.219333649;7.479113102;7.564103127;7.479113102;0;38681
28.10.1983;5.160021782;7.394123077;7.479113102;7.394123077;0;4118
31.10.1983;5.100712776;7.309134007;7.394123077;7.309134007;0;2059
01.11.1983;5.160021782;7.394123077;7.479113102;7.394123077;0;15296
02.11.1983;5.219333649;7.479113102;7.564103127;7.479113102;0;2206
03.11.1983;5.219333649;7.479113102;7.564103127;7.479113102;0;7648
04.11.1983;5.100712776;7.309134007;7.479113102;7.309134007;0;11031
07.11.1983;4.982089996;7.139153957;7.309134007;7.139153957;0;4412
08.11.1983;5.041401386;7.224143982;7.309134007;7.224143982;0;5589
09.11.1983;5.041401386;7.224143982;7.224143982;7.224143982;7.224143982;0
10.11.1983;5.041401386;7.224143982;7.309134007;7.224143982;0;2500
11.11.1983;5.041401386;7.224143982;7.309134007;7.224143982;0;5589
14.11.1983;5.100712776;7.309134007;7.394123077;7.309134007;0;16473
15.11.1983;5.160021782;7.394123077;7.479113102;7.394123077;0;66773
16.11.1983;5.219333649;7.479113102;7.564103127;7.479113102;0;59419
17.11.1983;5.219333649;7.479113102;7.564103127;7.479113102;0;8089
18.11.1983;5.219333649;7.479113102;7.564103127;7.479113102;0;13237
21.11.1983;5.337953091;7.649093151;7.734083176;7.649093151;0;19855
22.11.1983;5.337953091;7.649093151;7.8190732;7.649093151;0;8089
23.11.1983;5.337953091;7.649093151;7.734083176;7.649093151;0;6766
25.11.1983;5.337953091;7.649093151;7.734083176;7.649093151;0;735
28.11.1983;5.337953091;7.649093151;7.734083176;7.649093151;0;2942
29.11.1983;5.337953091;7.649093151;7.734083176;7.649093151;0;8825
30.11.1983;5.397264481;7.734083176;7.8190732;7.734083176;0;23238
01.12.1983;5.397264481;7.734083176;7.8190732;7.734083176;0;1471
02.12.1983;5.693816662;8.159032822;8.244023323;8.159032822;0;13531
05.12.1983;5.693816662;8.159032822;8.329012871;8.159032822;0;21032
06.12.1983;5.753128052;8.244023323;8.414003372;8.244023323;0;59566
07.12.1983;5.753128052;8.244023323;8.329012871;8.244023323;0;44270
08.12.1983;5.693816662;8.159032822;8.329012871;8.159032822;0;8383
09.12.1983;5.693816662;8.159032822;8.329012871;8.159032822;0;588
12.12.1983;5.812438488;8.329012871;8.414003372;8.329012871;0;1030
13.12.1983;5.753128052;8.244023323;8.329012871;8.244023323;0;3089
14.12.1983;5.812438488;8.329012871;8.414003372;8.329012871;0;41328
15.12.1983;5.812438488;8.329012871;8.49899292;8.329012871;0;208407
16.12.1983;5.931060791;8.49899292;8.583982468;8.49899292;0;882
19.12.1983;5.753128052;8.244023323;8.329012871;8.244023323;0;4412
20.12.1983;5.871748924;8.414003372;8.49899292;8.414003372;0;10001
21.12.1983;5.812438488;8.329012871;8.414003372;8.329012871;0;1765
22.12.1983;5.812438488;8.329012871;8.414003372;8.329012871;0;294
23.12.1983;5.812438488;8.329012871;8.414003372;8.329012871;0;4706
27.12.1983;5.931060791;8.49899292;8.668972015;8.49899292;0;6324
28.12.1983;5.99037075;8.583982468;8.753961563;8.583982468;0;5736
29.12.1983;6.049681664;8.668972015;8.753961563;8.668972015;0;1765
30.12.1983;6.049681664;8.668972015;8.753961563;8.668972015;0;3236
03.01.1984;6.049681664;8.668972015;8.838952065;8.668972015;0;1765
04.01.1984;6.108988762;8.753961563;8.838952065;8.753961563;0;12354
05.01.1984;6.049681664;8.668972015;8.838952065;8.668972015;0;10884
06.01.1984;6.049681664;8.668972015;8.753961563;8.668972015;0;2500
09.01.1984;5.931060791;8.49899292;8.583982468;8.49899292;0;4412
10.01.1984;5.871748924;8.414003372;8.583982468;8.414003372;0;47653
11.01.1984;5.871748924;8.414003372;8.49899292;8.414003372;0;11619
12.01.1984;5.871748924;8.414003372;8.49899292;8.414003372;0;8383
13.01.1984;5.812438488;8.329012871;8.414003372;8.329012871;0;2059
16.01.1984;5.753128052;8.244023323;8.414003372;8.244023323;0;16914
17.01.1984;5.693816662;8.159032822;8.329012871;8.159032822;0;2059
18.01.1984;5.634506702;8.074043274;8.159032822;8.074043274;0;2647
19.01.1984;5.634506702;8.074043274;8.159032822;8.074043274;0;735
20.01.1984;5.634506702;8.074043274;8.159032822;8.074043274;0;1177
23.01.1984;5.575195789;7.989052773;8.074043274;7.989052773;0;6618
24.01.1984;5.575195789;7.989052773;8.074043274;7.989052773;0;1765
25.01.1984;5.45657444;7.8190732;7.904063225;7.8190732;0;23091
26.01.1984;5.45657444;7.8190732;7.989052773;7.8190732;0;147
27.01.1984;5.634506702;8.074043274;8.159032822;8.074043274;0;0
30.01.1984;5.634506702;8.074043274;8.159032822;8.074043274;0;3236
31.01.1984;5.634506702;8.074043274;8.159032822;8.074043274;0;3236
01.02.1984;5.634506702;8.074043274;8.244023323;8.074043274;0;2942
02.02.1984;5.634506702;8.074043274;8.159032822;8.074043274;0;3677
03.02.1984;5.575195789;7.989052773;8.074043274;7.989052773;0;77068
06.02.1984;5.515884876;7.904063225;7.989052773;7.904063225;0;4854
07.02.1984;5.45657444;7.8190732;7.989052773;7.8190732;0;4559
08.02.1984;5.45657444;7.8190732;7.904063225;7.8190732;0;9119
09.02.1984;5.337953091;7.649093151;7.734083176;7.649093151;0;26474
10.02.1984;5.219333649;7.479113102;7.649093151;7.479113102;0;11766
13.02.1984;5.100712776;7.309134007;7.394123077;7.309134007;0;3530
14.02.1984;4.982089996;7.139153957;7.224143982;7.139153957;0;40887
15.02.1984;5.160021782;7.394123077;7.479113102;7.394123077;0;7501
16.02.1984;5.219333649;7.479113102;7.649093151;7.479113102;0;28827
17.02.1984;5.160021782;7.394123077;7.564103127;7.394123077;0;294
21.02.1984;5.337953091;7.649093151;7.734083176;7.649093151;0;62802
22.02.1984;5.337953091;7.649093151;7.8190732;7.649093151;0;11325
23.02.1984;5.278642654;7.564103127;7.734083176;7.564103127;0;10148
24.02.1984;5.45657444;7.8190732;7.904063225;7.8190732;0;17502
27.02.1984;5.397264481;7.734083176;7.8190732;7.734083176;0;3971
